thread_id,event_name,split,observation_ratio,observed_reply_count,forecast_reply_count,observed_neg_ratio,observed_neu_ratio,observed_pos_ratio,future_neg_ratio,future_neu_ratio,future_pos_ratio,observed_majority_sentiment,future_majority_sentiment,future_neg_bucket,reply_count,node_count,edge_count,root_children,avg_depth,max_depth,branching_factor,leaf_ratio,observed_time_span_seconds,direct_to_source_ratio
552783667052167168,charliehebdo,train,0.5,3,4,0.3333333333333333,0.6666666666666666,0.0,0.25,0.75,0.0,neutral,neutral,"[0.1,0.3)",3.0,4.0,3.0,2.0,1.3333333730697632,2.0,1.5,0.5,901.0,0.6666666666666666
552785375161499649,charliehebdo,train,0.5,1,2,0.0,1.0,0.0,0.0,0.5,0.5,neutral,neutral,"[0.0,0.1)",1.0,2.0,1.0,1.0,1.0,1.0,1.0,0.5,0.0,1.0
552791196247269378,charliehebdo,train,0.5,11,11,0.36363636363636365,0.6363636363636364,0.0,0.18181818181818182,0.7272727272727273,0.09090909090909091,neutral,neutral,"[0.1,0.3)",11.0,12.0,11.0,11.0,1.0,1.0,11.0,0.9166666865348816,343.0,1.0
552791578893619200,charliehebdo,train,0.5,10,10,0.7,0.2,0.1,0.6,0.3,0.1,negative,negative,"[0.6,1.0]",10.0,11.0,10.0,10.0,1.0,1.0,10.0,0.9090909361839294,1007.0,1.0
552792544132997121,charliehebdo,train,0.5,8,9,0.25,0.75,0.0,0.1111111111111111,0.8888888888888888,0.0,neutral,neutral,"[0.1,0.3)",8.0,9.0,8.0,4.0,1.875,4.0,2.0,0.5555555820465088,3028.0,0.5
552792802309181440,charliehebdo,train,0.5,4,4,0.75,0.0,0.25,0.25,0.75,0.0,negative,neutral,"[0.1,0.3)",4.0,5.0,4.0,4.0,1.0,1.0,4.0,0.800000011920929,181.0,1.0
552792913910833152,charliehebdo,train,0.5,2,3,1.0,0.0,0.0,0.3333333333333333,0.6666666666666666,0.0,negative,neutral,"[0.3,0.6)",2.0,3.0,2.0,2.0,1.0,1.0,2.0,0.6666666865348816,95.0,1.0
552793679082311680,charliehebdo,train,0.5,7,8,0.0,1.0,0.0,0.125,0.875,0.0,neutral,neutral,"[0.1,0.3)",7.0,8.0,7.0,2.0,1.7142857313156128,2.0,3.5,0.75,433.0,0.2857142857142857
552802654641225728,charliehebdo,train,0.5,3,4,0.6666666666666666,0.3333333333333333,0.0,0.25,0.25,0.5,negative,positive,"[0.1,0.3)",3.0,4.0,3.0,3.0,1.0,1.0,3.0,0.75,204.0,1.0
552805488631758849,charliehebdo,train,0.5,55,55,0.16363636363636364,0.7636363636363637,0.07272727272727272,0.23636363636363636,0.7454545454545455,0.01818181818181818,neutral,neutral,"[0.1,0.3)",55.0,56.0,55.0,12.0,4.290909290313721,11.0,1.6176470518112183,0.3928571343421936,2638.0,0.21818181818181817
552806309540528128,charliehebdo,train,0.5,19,20,0.21052631578947367,0.7894736842105263,0.0,0.05,0.85,0.1,neutral,neutral,"[0.0,0.1)",19.0,20.0,19.0,13.0,1.4736841917037964,4.0,2.7142856121063232,0.6499999761581421,963.0,0.6842105263157895
552806757672964097,charliehebdo,train,0.5,6,6,0.16666666666666666,0.8333333333333334,0.0,0.16666666666666666,0.6666666666666666,0.16666666666666666,neutral,neutral,"[0.1,0.3)",6.0,7.0,6.0,5.0,1.1666666269302368,2.0,3.0,0.7142857313156128,835.0,0.8333333333333334
552810448324943872,charliehebdo,train,0.5,9,10,0.1111111111111111,0.8888888888888888,0.0,0.1,0.9,0.0,neutral,neutral,"[0.1,0.3)",9.0,10.0,9.0,9.0,1.0,1.0,9.0,0.8999999761581421,288.0,1.0
552811386259386370,charliehebdo,train,0.5,9,9,0.3333333333333333,0.6666666666666666,0.0,0.4444444444444444,0.4444444444444444,0.1111111111111111,neutral,negative,"[0.3,0.6)",9.0,10.0,9.0,9.0,1.0,1.0,9.0,0.8999999761581421,345.0,1.0
552814494381256704,charliehebdo,train,0.5,5,5,0.6,0.4,0.0,0.4,0.6,0.0,negative,neutral,"[0.3,0.6)",5.0,6.0,5.0,5.0,1.0,1.0,5.0,0.8333333134651184,408.0,1.0
552816020403269632,charliehebdo,train,0.5,2,3,0.0,1.0,0.0,0.3333333333333333,0.6666666666666666,0.0,neutral,neutral,"[0.3,0.6)",2.0,3.0,2.0,2.0,1.0,1.0,2.0,0.6666666865348816,22.0,1.0
552821069036670976,charliehebdo,train,0.5,10,11,0.5,0.5,0.0,0.18181818181818182,0.8181818181818182,0.0,negative,neutral,"[0.1,0.3)",10.0,11.0,10.0,10.0,1.0,1.0,10.0,0.9090909361839294,1917.0,1.0
552832817089236992,charliehebdo,train,0.5,6,6,0.3333333333333333,0.6666666666666666,0.0,0.0,0.8333333333333334,0.16666666666666666,neutral,neutral,"[0.0,0.1)",6.0,7.0,6.0,5.0,1.1666666269302368,2.0,3.0,0.7142857313156128,582.0,0.8333333333333334
552833028201144320,charliehebdo,train,0.5,9,9,0.2222222222222222,0.7777777777777778,0.0,0.3333333333333333,0.4444444444444444,0.2222222222222222,neutral,neutral,"[0.3,0.6)",9.0,10.0,9.0,8.0,1.1111111640930176,2.0,4.5,0.800000011920929,478.0,0.8888888888888888
552834961762709505,charliehebdo,train,0.5,8,9,0.0,0.75,0.25,0.0,1.0,0.0,neutral,neutral,"[0.0,0.1)",8.0,9.0,8.0,8.0,1.0,1.0,8.0,0.8888888955116272,520.0,1.0
552848620375261184,charliehebdo,train,0.5,7,8,0.0,0.8571428571428571,0.14285714285714285,0.0,1.0,0.0,neutral,neutral,"[0.0,0.1)",7.0,8.0,7.0,7.0,1.0,1.0,7.0,0.875,543.0,1.0
552978099357237248,charliehebdo,train,0.5,1,2,0.0,1.0,0.0,0.0,1.0,0.0,neutral,neutral,"[0.0,0.1)",1.0,2.0,1.0,1.0,1.0,1.0,1.0,0.5,0.0,1.0
552978184413921281,charliehebdo,train,0.5,1,1,0.0,1.0,0.0,0.0,1.0,0.0,neutral,neutral,"[0.0,0.1)",1.0,2.0,1.0,1.0,1.0,1.0,1.0,0.5,0.0,1.0
552982613288157184,charliehebdo,train,0.5,2,2,0.0,0.5,0.5,0.0,1.0,0.0,neutral,neutral,"[0.0,0.1)",2.0,3.0,2.0,2.0,1.0,1.0,2.0,0.6666666865348816,1688.0,1.0
552984502063337472,charliehebdo,train,0.5,1,2,0.0,1.0,0.0,0.0,1.0,0.0,neutral,neutral,"[0.0,0.1)",1.0,2.0,1.0,1.0,1.0,1.0,1.0,0.5,0.0,1.0
552996335319007233,charliehebdo,train,0.5,7,8,0.14285714285714285,0.7142857142857143,0.14285714285714285,0.0,1.0,0.0,neutral,neutral,"[0.0,0.1)",7.0,8.0,7.0,4.0,1.8571428060531616,4.0,1.75,0.5,2911.0,0.5714285714285714
553107921081749504,charliehebdo,train,0.5,3,3,0.0,1.0,0.0,0.0,1.0,0.0,neutral,neutral,"[0.0,0.1)",3.0,4.0,3.0,3.0,1.0,1.0,3.0,0.75,512.0,1.0
553152395371630592,charliehebdo,train,0.5,10,11,0.0,0.9,0.1,0.0,1.0,0.0,neutral,neutral,"[0.0,0.1)",10.0,11.0,10.0,10.0,1.0,1.0,10.0,0.9090909361839294,4842.0,1.0
553160652567498752,charliehebdo,train,0.5,5,6,0.6,0.4,0.0,0.0,1.0,0.0,negative,neutral,"[0.0,0.1)",5.0,6.0,5.0,5.0,1.0,1.0,5.0,0.8333333134651184,2221.0,1.0
553164985460068352,charliehebdo,train,0.5,7,7,0.0,1.0,0.0,0.14285714285714285,0.7142857142857143,0.14285714285714285,neutral,neutral,"[0.1,0.3)",7.0,8.0,7.0,7.0,1.0,1.0,7.0,0.875,436.0,1.0
553184482241814530,charliehebdo,train,0.5,14,14,0.0,0.9285714285714286,0.07142857142857142,0.07142857142857142,0.8571428571428571,0.07142857142857142,neutral,neutral,"[0.0,0.1)",14.0,15.0,14.0,14.0,1.0,1.0,14.0,0.9333333373069763,890.0,1.0
553197863971610624,charliehebdo,train,0.5,11,12,0.09090909090909091,0.8181818181818182,0.09090909090909091,0.4166666666666667,0.5,0.08333333333333333,neutral,neutral,"[0.3,0.6)",11.0,12.0,11.0,8.0,1.2727272510528564,2.0,5.5,0.8333333134651184,1180.0,0.7272727272727273
553212962044149761,charliehebdo,train,0.5,4,4,0.0,0.75,0.25,0.25,0.75,0.0,neutral,neutral,"[0.1,0.3)",4.0,5.0,4.0,4.0,1.0,1.0,4.0,0.800000011920929,273.0,1.0
553221600955621376,charliehebdo,train,0.5,1,1,0.0,1.0,0.0,0.0,1.0,0.0,neutral,neutral,"[0.0,0.1)",1.0,2.0,1.0,1.0,1.0,1.0,1.0,0.5,0.0,1.0
553461741917863936,charliehebdo,train,0.5,9,10,0.1111111111111111,0.8888888888888888,0.0,0.0,0.9,0.1,neutral,neutral,"[0.0,0.1)",9.0,10.0,9.0,9.0,1.0,1.0,9.0,0.8999999761581421,652.0,1.0
553467311261503488,charliehebdo,train,0.5,1,1,0.0,1.0,0.0,0.0,1.0,0.0,neutral,neutral,"[0.0,0.1)",1.0,2.0,1.0,1.0,1.0,1.0,1.0,0.5,0.0,1.0
553470492565602305,charliehebdo,train,0.5,4,4,0.0,0.5,0.5,0.0,1.0,0.0,neutral,neutral,"[0.0,0.1)",4.0,5.0,4.0,4.0,1.0,1.0,4.0,0.800000011920929,545.0,1.0
553474188259102720,charliehebdo,train,0.5,6,6,0.0,1.0,0.0,0.0,1.0,0.0,neutral,neutral,"[0.0,0.1)",6.0,7.0,6.0,6.0,1.0,1.0,6.0,0.8571428656578064,3044.0,1.0
553476490315431937,charliehebdo,train,0.5,2,2,0.0,1.0,0.0,0.5,0.0,0.5,neutral,negative,"[0.3,0.6)",2.0,3.0,2.0,2.0,1.0,1.0,2.0,0.6666666865348816,294.0,1.0
553476880339599360,charliehebdo,train,0.5,7,7,0.0,1.0,0.0,0.0,1.0,0.0,neutral,neutral,"[0.0,0.1)",7.0,8.0,7.0,3.0,2.142857074737549,4.0,1.75,0.5,1625.0,0.42857142857142855
553478289474740224,charliehebdo,train,0.5,3,3,0.0,1.0,0.0,0.3333333333333333,0.6666666666666666,0.0,neutral,neutral,"[0.3,0.6)",3.0,4.0,3.0,2.0,1.3333333730697632,2.0,1.5,0.5,118.0,0.6666666666666666
553486439129038848,charliehebdo,train,0.5,4,5,0.0,1.0,0.0,0.2,0.6,0.2,neutral,neutral,"[0.1,0.3)",4.0,5.0,4.0,4.0,1.0,1.0,4.0,0.800000011920929,109.0,1.0
553489393202499584,charliehebdo,train,0.5,4,4,0.0,1.0,0.0,0.25,0.5,0.25,neutral,neutral,"[0.1,0.3)",4.0,5.0,4.0,4.0,1.0,1.0,4.0,0.800000011920929,143.0,1.0
553501357156876290,charliehebdo,train,0.5,12,12,0.08333333333333333,0.9166666666666666,0.0,0.0,0.9166666666666666,0.08333333333333333,neutral,neutral,"[0.0,0.1)",12.0,13.0,12.0,9.0,1.25,2.0,3.0,0.692307710647583,267.0,0.6666666666666666
553503184174710784,charliehebdo,train,0.5,11,12,0.09090909090909091,0.9090909090909091,0.0,0.16666666666666666,0.8333333333333334,0.0,neutral,neutral,"[0.1,0.3)",11.0,12.0,11.0,10.0,1.0909091234207153,2.0,5.5,0.8333333134651184,346.0,0.9090909090909091
553505242554175489,charliehebdo,train,0.5,7,8,0.14285714285714285,0.8571428571428571,0.0,0.125,0.75,0.125,neutral,neutral,"[0.1,0.3)",7.0,8.0,7.0,7.0,1.0,1.0,7.0,0.875,944.0,0.8571428571428571
553506608203169792,charliehebdo,train,0.5,12,12,0.0,1.0,0.0,0.16666666666666666,0.75,0.08333333333333333,neutral,neutral,"[0.1,0.3)",12.0,13.0,12.0,12.0,1.0,1.0,12.0,0.9230769276618958,192.0,1.0
553508098825261056,charliehebdo,train,0.5,9,10,0.2222222222222222,0.7777777777777778,0.0,0.4,0.4,0.2,neutral,negative,"[0.3,0.6)",9.0,10.0,9.0,9.0,1.0,1.0,9.0,0.8999999761581421,6897.0,1.0
553512735192141826,charliehebdo,train,0.5,2,3,0.0,1.0,0.0,0.0,1.0,0.0,neutral,neutral,"[0.0,0.1)",2.0,3.0,2.0,2.0,1.0,1.0,2.0,0.6666666865348816,66.0,1.0
553518472798683136,charliehebdo,train,0.5,10,10,0.4,0.6,0.0,0.2,0.7,0.1,neutral,neutral,"[0.1,0.3)",10.0,11.0,10.0,10.0,1.0,1.0,10.0,0.9090909361839294,457.0,1.0
553531413459660800,charliehebdo,train,0.5,7,7,0.14285714285714285,0.8571428571428571,0.0,0.14285714285714285,0.5714285714285714,0.2857142857142857,neutral,neutral,"[0.1,0.3)",7.0,8.0,7.0,7.0,1.0,1.0,7.0,0.875,427.0,0.8571428571428571
553534838880608256,charliehebdo,train,0.5,3,4,0.0,1.0,0.0,0.0,1.0,0.0,neutral,neutral,"[0.0,0.1)",3.0,4.0,3.0,3.0,1.0,1.0,3.0,0.75,15.0,1.0
553535829017370625,charliehebdo,train,0.5,2,3,0.0,1.0,0.0,0.0,1.0,0.0,neutral,neutral,"[0.0,0.1)",2.0,3.0,2.0,2.0,1.0,1.0,2.0,0.6666666865348816,98.0,1.0
553538058440941568,charliehebdo,train,0.5,9,10,0.4444444444444444,0.5555555555555556,0.0,0.8,0.2,0.0,neutral,negative,"[0.6,1.0]",9.0,10.0,9.0,9.0,1.0,1.0,9.0,0.8999999761581421,242.0,1.0
553543369604210689,charliehebdo,train,0.5,11,11,0.0,1.0,0.0,0.18181818181818182,0.8181818181818182,0.0,neutral,neutral,"[0.1,0.3)",11.0,12.0,11.0,8.0,1.3636363744735718,3.0,2.75,0.6666666865348816,1057.0,0.5454545454545454
553544252563935234,charliehebdo,train,0.5,7,7,0.7142857142857143,0.14285714285714285,0.14285714285714285,0.2857142857142857,0.7142857142857143,0.0,negative,neutral,"[0.1,0.3)",7.0,8.0,7.0,7.0,1.0,1.0,7.0,0.875,388.0,1.0
553544694765215745,charliehebdo,train,0.5,7,7,0.14285714285714285,0.8571428571428571,0.0,0.14285714285714285,0.8571428571428571,0.0,neutral,neutral,"[0.1,0.3)",7.0,8.0,7.0,7.0,1.0,1.0,7.0,0.875,111.0,1.0
553548567420628992,charliehebdo,train,0.5,11,11,0.0,0.7272727272727273,0.2727272727272727,0.09090909090909091,0.8181818181818182,0.09090909090909091,neutral,neutral,"[0.0,0.1)",11.0,12.0,11.0,6.0,2.1818182468414307,5.0,2.200000047683716,0.5833333134651184,979.0,0.5454545454545454
553549686129561600,charliehebdo,train,0.5,11,12,0.09090909090909091,0.8181818181818182,0.09090909090909091,0.5,0.5,0.0,neutral,negative,"[0.3,0.6)",11.0,12.0,11.0,5.0,1.7272727489471436,3.0,2.200000047683716,0.5833333134651184,665.0,0.45454545454545453
553550301886955520,charliehebdo,train,0.5,9,10,0.1111111111111111,0.8888888888888888,0.0,0.4,0.6,0.0,neutral,neutral,"[0.3,0.6)",9.0,10.0,9.0,9.0,1.0,1.0,9.0,0.8999999761581421,102.0,1.0
553558982476828674,charliehebdo,train,0.5,6,7,0.0,1.0,0.0,0.0,0.8571428571428571,0.14285714285714285,neutral,neutral,"[0.0,0.1)",6.0,7.0,6.0,3.0,1.6666666269302368,3.0,1.5,0.4285714328289032,110.0,0.5
553566026030272512,charliehebdo,train,0.5,5,6,0.0,1.0,0.0,0.0,0.8333333333333334,0.16666666666666666,neutral,neutral,"[0.0,0.1)",5.0,6.0,5.0,5.0,1.0,1.0,5.0,0.8333333134651184,210.0,1.0
553575232867672064,charliehebdo,train,0.5,6,6,0.16666666666666666,0.8333333333333334,0.0,0.5,0.5,0.0,neutral,negative,"[0.3,0.6)",6.0,7.0,6.0,5.0,1.1666666269302368,2.0,3.0,0.7142857313156128,554.0,0.8333333333333334
553576010898497536,charliehebdo,train,0.5,9,10,0.3333333333333333,0.6666666666666666,0.0,0.6,0.4,0.0,neutral,negative,"[0.6,1.0]",9.0,10.0,9.0,9.0,1.0,1.0,9.0,0.8999999761581421,407.0,1.0
553579224402235393,charliehebdo,train,0.5,12,13,0.08333333333333333,0.8333333333333334,0.08333333333333333,0.07692307692307693,0.6923076923076923,0.23076923076923078,neutral,neutral,"[0.0,0.1)",12.0,13.0,12.0,10.0,1.1666666269302368,2.0,4.0,0.7692307829856873,1084.0,0.8333333333333334
553586860334010368,charliehebdo,train,0.5,9,10,0.0,0.2222222222222222,0.7777777777777778,0.0,0.6,0.4,positive,neutral,"[0.0,0.1)",9.0,10.0,9.0,9.0,1.0,1.0,9.0,0.8999999761581421,48.0,1.0
553586897168392192,charliehebdo,train,0.5,6,6,0.3333333333333333,0.16666666666666666,0.5,0.16666666666666666,0.8333333333333334,0.0,positive,neutral,"[0.1,0.3)",6.0,7.0,6.0,6.0,1.0,1.0,6.0,0.8571428656578064,649.0,1.0
553587013409325058,charliehebdo,train,0.5,17,17,0.0,0.11764705882352941,0.8823529411764706,0.058823529411764705,0.8235294117647058,0.11764705882352941,positive,neutral,"[0.0,0.1)",17.0,18.0,17.0,17.0,1.0,1.0,17.0,0.9444444179534912,116.0,1.0
553587303172833280,charliehebdo,train,0.5,10,11,0.3,0.7,0.0,0.18181818181818182,0.8181818181818182,0.0,neutral,neutral,"[0.1,0.3)",10.0,11.0,10.0,9.0,1.100000023841858,2.0,5.0,0.8181818127632141,209.0,0.9
553587672137334785,charliehebdo,train,0.5,13,14,0.7692307692307693,0.15384615384615385,0.07692307692307693,0.14285714285714285,0.5,0.35714285714285715,negative,neutral,"[0.1,0.3)",13.0,14.0,13.0,13.0,1.0,1.0,13.0,0.9285714030265808,379.0,1.0
553588178687655936,charliehebdo,train,0.5,6,6,0.5,0.16666666666666666,0.3333333333333333,0.0,0.3333333333333333,0.6666666666666666,negative,positive,"[0.0,0.1)",6.0,7.0,6.0,6.0,1.0,1.0,6.0,0.8571428656578064,162.0,1.0
553589051044151296,charliehebdo,train,0.5,4,4,0.0,1.0,0.0,0.0,1.0,0.0,neutral,neutral,"[0.0,0.1)",4.0,5.0,4.0,4.0,1.0,1.0,4.0,0.800000011920929,190.0,1.0
553590459688570880,charliehebdo,train,0.5,9,10,0.0,1.0,0.0,0.1,0.9,0.0,neutral,neutral,"[0.1,0.3)",9.0,10.0,9.0,9.0,1.0,1.0,9.0,0.8999999761581421,71.0,1.0
553590835850514433,charliehebdo,train,0.5,10,10,0.3,0.4,0.3,0.5,0.5,0.0,neutral,negative,"[0.3,0.6)",10.0,11.0,10.0,10.0,1.0,1.0,10.0,0.9090909361839294,223.0,1.0
521346721226711040,ebola-essien,train,0.5,13,13,0.07692307692307693,0.8461538461538461,0.07692307692307693,0.07692307692307693,0.8461538461538461,0.07692307692307693,neutral,neutral,"[0.0,0.1)",13.0,14.0,13.0,12.0,1.076923131942749,2.0,6.5,0.8571428656578064,1563.0,0.9230769230769231
521360486387175424,ebola-essien,train,0.5,4,4,0.0,1.0,0.0,0.25,0.75,0.0,neutral,neutral,"[0.1,0.3)",4.0,5.0,4.0,4.0,1.0,1.0,4.0,0.800000011920929,3095.0,1.0
498280126254428160,ferguson,train,0.5,2,3,0.0,1.0,0.0,0.0,1.0,0.0,neutral,neutral,"[0.0,0.1)",2.0,2.0,1.0,1.0,0.5,1.0,1.0,0.5,189.0,0.5
498430783699554305,ferguson,train,0.5,11,11,0.09090909090909091,0.9090909090909091,0.0,0.09090909090909091,0.7272727272727273,0.18181818181818182,neutral,neutral,"[0.0,0.1)",11.0,11.0,10.0,8.0,1.0909091234207153,2.0,5.0,0.8181818127632141,5505.0,0.7272727272727273
499366666300846081,ferguson,train,0.5,7,7,0.0,1.0,0.0,0.0,1.0,0.0,neutral,neutral,"[0.0,0.1)",7.0,8.0,7.0,7.0,1.0,1.0,7.0,0.875,1509.0,1.0
499368931367608320,ferguson,train,0.5,24,24,0.0,1.0,0.0,0.25,0.7083333333333334,0.041666666666666664,neutral,neutral,"[0.1,0.3)",24.0,24.0,23.0,11.0,2.3333332538604736,6.0,2.299999952316284,0.5833333134651184,4068.0,0.4166666666666667
499456140044824576,ferguson,train,0.5,5,6,0.0,0.6,0.4,0.0,0.8333333333333334,0.16666666666666666,neutral,neutral,"[0.0,0.1)",5.0,5.0,4.0,4.0,0.800000011920929,1.0,4.0,0.800000011920929,534.0,0.8
499530130487017472,ferguson,train,0.5,12,13,0.4166666666666667,0.5,0.08333333333333333,0.07692307692307693,0.9230769230769231,0.0,neutral,neutral,"[0.0,0.1)",12.0,12.0,11.0,6.0,1.5,3.0,2.200000047683716,0.5833333134651184,866.0,0.5
499612545909415938,ferguson,train,0.5,13,14,0.38461538461538464,0.6153846153846154,0.0,0.07142857142857142,0.9285714285714286,0.0,neutral,neutral,"[0.0,0.1)",13.0,14.0,13.0,10.0,1.2307692766189575,2.0,6.5,0.8571428656578064,18757.0,0.7692307692307693
500258409988763649,ferguson,train,0.5,4,4,0.0,0.75,0.25,0.0,1.0,0.0,neutral,neutral,"[0.0,0.1)",4.0,4.0,3.0,3.0,0.75,1.0,3.0,0.75,149.0,0.75
500270780832174080,ferguson,train,0.5,8,8,0.0,1.0,0.0,0.125,0.875,0.0,neutral,neutral,"[0.1,0.3)",8.0,8.0,7.0,7.0,0.875,1.0,7.0,0.875,887.0,0.875
500278045597368320,ferguson,train,0.5,8,8,0.25,0.75,0.0,0.0,1.0,0.0,neutral,neutral,"[0.0,0.1)",8.0,8.0,7.0,6.0,0.875,1.0,7.0,0.875,813.0,0.875
500279160795721728,ferguson,train,0.5,47,48,0.2553191489361702,0.723404255319149,0.02127659574468085,0.2916666666666667,0.6875,0.020833333333333332,neutral,neutral,"[0.1,0.3)",47.0,47.0,46.0,11.0,3.1489362716674805,7.0,1.7692307233810425,0.44680851697921753,7010.0,0.23404255319148937
500279189405433858,ferguson,train,0.5,19,19,0.05263157894736842,0.8947368421052632,0.05263157894736842,0.2631578947368421,0.7368421052631579,0.0,neutral,neutral,"[0.1,0.3)",19.0,19.0,18.0,14.0,1.1578947305679321,2.0,4.5,0.7894737124443054,1124.0,0.5263157894736842
500280422295937024,ferguson,train,0.5,7,7,0.0,0.7142857142857143,0.2857142857142857,0.0,0.8571428571428571,0.14285714285714285,neutral,neutral,"[0.0,0.1)",7.0,7.0,6.0,6.0,0.8571428656578064,1.0,6.0,0.8571428656578064,807.0,0.8571428571428571
500280838710247424,ferguson,train,0.5,19,20,0.15789473684210525,0.7368421052631579,0.10526315789473684,0.15,0.75,0.1,neutral,neutral,"[0.1,0.3)",19.0,19.0,18.0,15.0,1.105263113975525,2.0,6.0,0.8421052694320679,838.0,0.7894736842105263
500281094239817728,ferguson,train,0.5,2,3,0.0,1.0,0.0,0.0,1.0,0.0,neutral,neutral,"[0.0,0.1)",2.0,3.0,2.0,2.0,1.0,1.0,2.0,0.6666666865348816,166.0,1.0
500281131057811456,ferguson,train,0.5,10,11,0.3,0.7,0.0,0.36363636363636365,0.5454545454545454,0.09090909090909091,neutral,neutral,"[0.3,0.6)",10.0,10.0,9.0,9.0,0.8999999761581421,1.0,9.0,0.8999999761581421,363.0,0.9
500284699546517505,ferguson,train,0.5,8,8,0.0,1.0,0.0,0.5,0.5,0.0,neutral,negative,"[0.3,0.6)",8.0,8.0,7.0,6.0,1.0,2.0,3.5,0.75,394.0,0.75
500286058664579072,ferguson,train,0.5,37,37,0.16216216216216217,0.7837837837837838,0.05405405405405406,0.2702702702702703,0.6756756756756757,0.05405405405405406,neutral,neutral,"[0.1,0.3)",37.0,37.0,36.0,19.0,2.2162163257598877,7.0,2.25,0.5675675868988037,2969.0,0.5135135135135135
500288349924782080,ferguson,train,0.5,9,9,0.0,0.8888888888888888,0.1111111111111111,0.0,1.0,0.0,neutral,neutral,"[0.0,0.1)",9.0,9.0,8.0,7.0,1.0,2.0,4.0,0.7777777910232544,311.0,0.5555555555555556
500290456845299714,ferguson,train,0.5,19,19,0.0,0.9473684210526315,0.05263157894736842,0.15789473684210525,0.8421052631578947,0.0,neutral,neutral,"[0.1,0.3)",19.0,19.0,18.0,11.0,1.5263158082962036,4.0,2.5714285373687744,0.6315789222717285,1941.0,0.5789473684210527
500294803402137600,ferguson,train,0.5,9,10,0.1111111111111111,0.8888888888888888,0.0,0.2,0.7,0.1,neutral,neutral,"[0.1,0.3)",9.0,9.0,8.0,8.0,0.8888888955116272,1.0,8.0,0.8888888955116272,533.0,0.8888888888888888
500295393301647360,ferguson,train,0.5,4,4,0.0,1.0,0.0,0.0,1.0,0.0,neutral,neutral,"[0.0,0.1)",4.0,5.0,4.0,3.0,1.25,2.0,2.0,0.6000000238418579,3203.0,0.75
500298752469770240,ferguson,train,0.5,22,22,0.0,0.9545454545454546,0.045454545454545456,0.22727272727272727,0.7727272727272727,0.0,neutral,neutral,"[0.1,0.3)",22.0,22.0,21.0,11.0,1.8181818723678589,5.0,2.3333332538604736,0.5909090638160706,5833.0,0.5
500303431928922113,ferguson,train,0.5,9,9,0.2222222222222222,0.7777777777777778,0.0,0.1111111111111111,0.8888888888888888,0.0,neutral,neutral,"[0.1,0.3)",9.0,9.0,8.0,8.0,0.8888888955116272,1.0,8.0,0.8888888955116272,1089.0,0.8888888888888888
500307001629745152,ferguson,train,0.5,44,44,0.13636363636363635,0.75,0.11363636363636363,0.045454545454545456,0.9545454545454546,0.0,neutral,neutral,"[0.0,0.1)",44.0,45.0,44.0,5.0,6.159090995788574,11.0,1.692307710647583,0.42222222685813904,17349.0,0.11363636363636363
500308076004929537,ferguson,train,0.5,9,10,0.2222222222222222,0.7777777777777778,0.0,0.2,0.7,0.1,neutral,neutral,"[0.1,0.3)",9.0,9.0,8.0,4.0,1.4444444179534912,3.0,2.0,0.5555555820465088,989.0,0.4444444444444444
500319675797209088,ferguson,train,0.5,6,6,0.0,1.0,0.0,0.0,0.8333333333333334,0.16666666666666666,neutral,neutral,"[0.0,0.1)",6.0,6.0,5.0,5.0,0.8333333134651184,1.0,5.0,0.8333333134651184,6798.0,0.8333333333333334
500319801344929795,ferguson,train,0.5,8,9,0.0,1.0,0.0,0.2222222222222222,0.7777777777777778,0.0,neutral,neutral,"[0.1,0.3)",8.0,8.0,7.0,4.0,1.25,2.0,2.3333332538604736,0.625,1448.0,0.5
500327106824245249,ferguson,train,0.5,3,4,0.0,1.0,0.0,0.25,0.75,0.0,neutral,neutral,"[0.1,0.3)",3.0,4.0,3.0,3.0,1.0,1.0,3.0,0.75,185.0,1.0
500327120770301952,ferguson,train,0.5,9,10,0.4444444444444444,0.5555555555555556,0.0,0.1,0.9,0.0,neutral,neutral,"[0.1,0.3)",9.0,9.0,8.0,8.0,0.8888888955116272,1.0,8.0,0.8888888955116272,507.0,0.8888888888888888
500332933098385408,ferguson,train,0.5,4,5,0.5,0.25,0.25,0.4,0.2,0.4,negative,negative,"[0.3,0.6)",4.0,4.0,3.0,2.0,1.0,2.0,1.5,0.5,1350.0,0.5
500341884678836224,ferguson,train,0.5,5,5,0.2,0.8,0.0,0.2,0.6,0.2,neutral,neutral,"[0.1,0.3)",5.0,5.0,4.0,4.0,0.800000011920929,1.0,4.0,0.800000011920929,1130.0,0.8
500347114975944705,ferguson,train,0.5,51,52,0.13725490196078433,0.803921568627451,0.058823529411764705,0.23076923076923078,0.75,0.019230769230769232,neutral,neutral,"[0.1,0.3)",51.0,52.0,51.0,17.0,3.274509906768799,9.0,1.9615384340286255,0.5,2798.0,0.13725490196078433
500354773133299713,ferguson,train,0.5,12,13,0.0,1.0,0.0,0.07692307692307693,0.9230769230769231,0.0,neutral,neutral,"[0.0,0.1)",12.0,12.0,11.0,8.0,1.4166666269302368,4.0,2.75,0.6666666865348816,393.0,0.6666666666666666
500363126294863876,ferguson,train,0.5,4,5,0.75,0.25,0.0,0.0,1.0,0.0,negative,neutral,"[0.0,0.1)",4.0,4.0,3.0,2.0,1.0,2.0,1.5,0.5,274.0,0.5
500363740311982081,ferguson,train,0.5,10,10,0.1,0.8,0.1,0.0,1.0,0.0,neutral,neutral,"[0.0,0.1)",10.0,10.0,9.0,9.0,0.8999999761581421,1.0,9.0,0.8999999761581421,561.0,0.9
500371149713178625,ferguson,train,0.5,10,11,0.2,0.7,0.1,0.2727272727272727,0.6363636363636364,0.09090909090909091,neutral,neutral,"[0.1,0.3)",10.0,10.0,9.0,8.0,1.0,2.0,4.5,0.800000011920929,345.0,0.8
500377145349521411,ferguson,train,0.5,7,7,0.14285714285714285,0.8571428571428571,0.0,0.14285714285714285,0.7142857142857143,0.14285714285714285,neutral,neutral,"[0.1,0.3)",7.0,8.0,7.0,7.0,1.0,1.0,7.0,0.875,522.0,1.0
500377906305327104,ferguson,train,0.5,8,8,0.0,0.875,0.125,0.125,0.75,0.125,neutral,neutral,"[0.1,0.3)",8.0,8.0,7.0,4.0,1.5,3.0,2.3333332538604736,0.625,3646.0,0.5
500378223977721856,ferguson,train,0.5,8,9,0.125,0.875,0.0,0.2222222222222222,0.7777777777777778,0.0,neutral,neutral,"[0.1,0.3)",8.0,8.0,7.0,7.0,0.875,1.0,7.0,0.875,412.0,0.875
500378522788315137,ferguson,train,0.5,10,11,0.1,0.8,0.1,0.2727272727272727,0.7272727272727273,0.0,neutral,neutral,"[0.1,0.3)",10.0,10.0,9.0,7.0,1.2000000476837158,3.0,3.0,0.699999988079071,1336.0,0.7
500381163866062848,ferguson,train,0.5,4,4,0.75,0.25,0.0,0.0,1.0,0.0,negative,neutral,"[0.0,0.1)",4.0,4.0,3.0,3.0,0.75,1.0,3.0,0.75,1260.0,0.75
500389488217309184,ferguson,train,0.5,18,19,0.16666666666666666,0.7222222222222222,0.1111111111111111,0.15789473684210525,0.7368421052631579,0.10526315789473684,neutral,neutral,"[0.1,0.3)",18.0,18.0,17.0,15.0,1.0555555820465088,2.0,5.666666507720947,0.8333333134651184,1840.0,0.8333333333333334
500391222075076610,ferguson,train,0.5,26,27,0.15384615384615385,0.8076923076923077,0.038461538461538464,0.0,0.9259259259259259,0.07407407407407407,neutral,neutral,"[0.0,0.1)",26.0,26.0,25.0,5.0,3.153846263885498,6.0,1.923076868057251,0.5,1122.0,0.19230769230769232
500394061887709184,ferguson,train,0.5,7,8,0.14285714285714285,0.7142857142857143,0.14285714285714285,0.25,0.75,0.0,neutral,neutral,"[0.1,0.3)",7.0,8.0,7.0,7.0,1.0,1.0,7.0,0.875,3459.0,1.0
500413818368184321,ferguson,train,0.5,9,10,0.1111111111111111,0.6666666666666666,0.2222222222222222,0.0,1.0,0.0,neutral,neutral,"[0.0,0.1)",9.0,9.0,8.0,8.0,0.8888888955116272,1.0,8.0,0.8888888955116272,20723.0,0.8888888888888888
580319078155468800,germanwings-crash,train,0.5,16,16,0.0625,0.9375,0.0,0.1875,0.75,0.0625,neutral,neutral,"[0.1,0.3)",16.0,17.0,16.0,16.0,1.0,1.0,16.0,0.9411764740943909,517.0,1.0
580319184652890113,germanwings-crash,train,0.5,4,5,0.25,0.75,0.0,0.0,1.0,0.0,neutral,neutral,"[0.0,0.1)",4.0,5.0,4.0,2.0,1.5,2.0,2.0,0.6000000238418579,460.0,0.5
580320684305416192,germanwings-crash,train,0.5,2,2,0.5,0.5,0.0,0.0,1.0,0.0,negative,neutral,"[0.0,0.1)",2.0,3.0,2.0,2.0,1.0,1.0,2.0,0.6666666865348816,120.0,1.0
580321156508577792,germanwings-crash,train,0.5,1,1,0.0,1.0,0.0,0.0,1.0,0.0,neutral,neutral,"[0.0,0.1)",1.0,2.0,1.0,1.0,1.0,1.0,1.0,0.5,0.0,1.0
580322453928431617,germanwings-crash,train,0.5,1,1,0.0,1.0,0.0,0.0,1.0,0.0,neutral,neutral,"[0.0,0.1)",1.0,2.0,1.0,1.0,1.0,1.0,1.0,0.5,0.0,1.0
580323060533764097,germanwings-crash,train,0.5,1,1,0.0,1.0,0.0,0.0,1.0,0.0,neutral,neutral,"[0.0,0.1)",1.0,2.0,1.0,1.0,1.0,1.0,1.0,0.5,0.0,1.0
580324027715063808,germanwings-crash,train,0.5,1,2,1.0,0.0,0.0,1.0,0.0,0.0,negative,negative,"[0.6,1.0]",1.0,2.0,1.0,1.0,1.0,1.0,1.0,0.5,0.0,1.0
580325090367315968,germanwings-crash,train,0.5,26,26,0.038461538461538464,0.9615384615384616,0.0,0.038461538461538464,0.8846153846153846,0.07692307692307693,neutral,neutral,"[0.0,0.1)",26.0,27.0,26.0,8.0,2.653846263885498,6.0,2.0,0.5185185074806213,36351.0,0.23076923076923078
580326222107951104,germanwings-crash,train,0.5,5,6,0.0,0.6,0.4,0.16666666666666666,0.6666666666666666,0.16666666666666666,neutral,neutral,"[0.1,0.3)",5.0,6.0,5.0,5.0,1.0,1.0,5.0,0.8333333134651184,6772.0,1.0
580331561398108160,germanwings-crash,train,0.5,7,7,0.0,1.0,0.0,0.14285714285714285,0.7142857142857143,0.14285714285714285,neutral,neutral,"[0.1,0.3)",7.0,8.0,7.0,6.0,1.1428571939468384,2.0,3.5,0.75,487.0,0.8571428571428571
580332109782466561,germanwings-crash,train,0.5,4,5,0.0,0.75,0.25,0.0,1.0,0.0,neutral,neutral,"[0.0,0.1)",4.0,5.0,4.0,4.0,1.0,1.0,4.0,0.800000011920929,68.0,1.0
580333763512705025,germanwings-crash,train,0.5,12,12,0.08333333333333333,0.8333333333333334,0.08333333333333333,0.0,0.8333333333333334,0.16666666666666666,neutral,neutral,"[0.0,0.1)",12.0,13.0,12.0,11.0,1.0833333730697632,2.0,6.0,0.8461538553237915,607.0,0.9166666666666666
580333909008871424,germanwings-crash,train,0.5,2,2,1.0,0.0,0.0,0.0,1.0,0.0,negative,neutral,"[0.0,0.1)",2.0,3.0,2.0,2.0,1.0,1.0,2.0,0.6666666865348816,761.0,1.0
580339547269144576,germanwings-crash,train,0.5,7,7,0.0,1.0,0.0,0.42857142857142855,0.5714285714285714,0.0,neutral,neutral,"[0.3,0.6)",7.0,8.0,7.0,7.0,1.0,1.0,7.0,0.875,524.0,1.0
580339825649291264,germanwings-crash,train,0.5,5,5,0.4,0.4,0.2,0.0,1.0,0.0,negative,neutral,"[0.0,0.1)",5.0,6.0,5.0,4.0,1.2000000476837158,2.0,2.5,0.6666666865348816,356.0,0.8
580340476949086208,germanwings-crash,train,0.5,9,10,0.0,1.0,0.0,0.2,0.7,0.1,neutral,neutral,"[0.1,0.3)",9.0,10.0,9.0,9.0,1.0,1.0,9.0,0.8999999761581421,694.0,1.0
580348081100734464,germanwings-crash,train,0.5,11,12,0.0,0.9090909090909091,0.09090909090909091,0.0,0.8333333333333334,0.16666666666666666,neutral,neutral,"[0.0,0.1)",11.0,12.0,11.0,4.0,2.0,3.0,3.6666667461395264,0.75,1613.0,0.36363636363636365
580360165540642816,germanwings-crash,train,0.5,1,1,0.0,1.0,0.0,0.0,1.0,0.0,neutral,neutral,"[0.0,0.1)",1.0,2.0,1.0,1.0,1.0,1.0,1.0,0.5,0.0,1.0
580371845997682688,germanwings-crash,train,0.5,1,1,0.0,1.0,0.0,0.0,1.0,0.0,neutral,neutral,"[0.0,0.1)",1.0,2.0,1.0,1.0,1.0,1.0,1.0,0.5,0.0,1.0
580882341880446977,germanwings-crash,train,0.5,2,3,0.0,1.0,0.0,0.0,1.0,0.0,neutral,neutral,"[0.0,0.1)",2.0,3.0,2.0,2.0,1.0,1.0,2.0,0.6666666865348816,70.0,1.0
581047170637381632,germanwings-crash,train,0.5,1,2,0.0,1.0,0.0,0.0,1.0,0.0,neutral,neutral,"[0.0,0.1)",1.0,2.0,1.0,1.0,1.0,1.0,1.0,0.5,0.0,1.0
581063377226637312,germanwings-crash,train,0.5,1,1,0.0,1.0,0.0,0.0,1.0,0.0,neutral,neutral,"[0.0,0.1)",1.0,2.0,1.0,1.0,1.0,1.0,1.0,0.5,0.0,1.0
581293286268129280,germanwings-crash,train,0.5,10,10,0.1,0.7,0.2,0.2,0.7,0.1,neutral,neutral,"[0.1,0.3)",10.0,11.0,10.0,4.0,2.0,3.0,2.5,0.6363636255264282,3211.0,0.4
581386094337474560,germanwings-crash,train,0.5,5,6,0.0,0.8,0.2,0.3333333333333333,0.6666666666666666,0.0,neutral,neutral,"[0.3,0.6)",5.0,6.0,5.0,5.0,1.0,1.0,5.0,0.8333333134651184,44379.0,1.0
581473088249958400,germanwings-crash,train,0.5,3,4,0.0,1.0,0.0,0.0,1.0,0.0,neutral,neutral,"[0.0,0.1)",3.0,4.0,3.0,3.0,1.0,1.0,3.0,0.75,86.0,1.0
524922729485848576,ottawashooting,val,0.5,18,18,0.0,0.7777777777777778,0.2222222222222222,0.05555555555555555,0.7777777777777778,0.16666666666666666,neutral,neutral,"[0.0,0.1)",18.0,19.0,18.0,8.0,1.8888888359069824,4.0,2.0,0.5263158082962036,4945.0,0.4444444444444444
524923462398513152,ottawashooting,val,0.5,6,7,0.0,0.5,0.5,0.0,0.2857142857142857,0.7142857142857143,neutral,positive,"[0.0,0.1)",6.0,7.0,6.0,6.0,1.0,1.0,6.0,0.8571428656578064,700.0,1.0
524923676484177920,ottawashooting,val,0.5,5,5,0.2,0.8,0.0,0.8,0.2,0.0,neutral,negative,"[0.6,1.0]",5.0,6.0,5.0,5.0,1.0,1.0,5.0,0.8333333134651184,326.0,1.0
524924619812511746,ottawashooting,val,0.5,4,5,0.25,0.75,0.0,0.0,0.8,0.2,neutral,neutral,"[0.0,0.1)",4.0,5.0,4.0,4.0,1.0,1.0,4.0,0.800000011920929,69.0,1.0
524925050739490816,ottawashooting,val,0.5,5,6,0.0,0.8,0.2,0.0,0.6666666666666666,0.3333333333333333,neutral,neutral,"[0.0,0.1)",5.0,6.0,5.0,5.0,1.0,1.0,5.0,0.8333333134651184,231.0,1.0
524925215235911680,ottawashooting,val,0.5,9,9,0.0,1.0,0.0,0.0,0.8888888888888888,0.1111111111111111,neutral,neutral,"[0.0,0.1)",9.0,10.0,9.0,9.0,1.0,1.0,9.0,0.8999999761581421,1007.0,1.0
524925730053181440,ottawashooting,val,0.5,9,9,0.1111111111111111,0.7777777777777778,0.1111111111111111,0.0,1.0,0.0,neutral,neutral,"[0.0,0.1)",9.0,10.0,9.0,8.0,1.1111111640930176,2.0,4.5,0.800000011920929,1098.0,0.8888888888888888
524925987239120897,ottawashooting,val,0.5,2,2,0.0,1.0,0.0,0.0,1.0,0.0,neutral,neutral,"[0.0,0.1)",2.0,3.0,2.0,2.0,1.0,1.0,2.0,0.6666666865348816,83.0,1.0
524926235030589440,ottawashooting,val,0.5,3,3,0.0,1.0,0.0,0.0,1.0,0.0,neutral,neutral,"[0.0,0.1)",3.0,4.0,3.0,3.0,1.0,1.0,3.0,0.75,97.0,1.0
524926472432410625,ottawashooting,val,0.5,1,2,1.0,0.0,0.0,0.0,1.0,0.0,negative,neutral,"[0.0,0.1)",1.0,2.0,1.0,1.0,1.0,1.0,1.0,0.5,0.0,1.0
524927281048080385,ottawashooting,val,0.5,21,21,0.0,0.7619047619047619,0.23809523809523808,0.14285714285714285,0.6666666666666666,0.19047619047619047,neutral,neutral,"[0.1,0.3)",21.0,22.0,21.0,15.0,1.523809552192688,4.0,3.5,0.7272727489471436,4575.0,0.6666666666666666
524929497205055488,ottawashooting,val,0.5,6,6,0.16666666666666666,0.8333333333333334,0.0,0.16666666666666666,0.6666666666666666,0.16666666666666666,neutral,neutral,"[0.1,0.3)",6.0,7.0,6.0,2.0,1.6666666269302368,2.0,3.0,0.7142857313156128,240.0,0.3333333333333333
524931324763992064,ottawashooting,val,0.5,3,4,0.3333333333333333,0.6666666666666666,0.0,0.25,0.25,0.5,neutral,positive,"[0.1,0.3)",3.0,4.0,3.0,2.0,1.3333333730697632,2.0,1.5,0.5,253.0,0.6666666666666666
524932056560963584,ottawashooting,val,0.5,1,2,0.0,1.0,0.0,0.0,1.0,0.0,neutral,neutral,"[0.0,0.1)",1.0,2.0,1.0,1.0,1.0,1.0,1.0,0.5,0.0,1.0
524932935137628160,ottawashooting,val,0.5,17,18,0.11764705882352941,0.8235294117647058,0.058823529411764705,0.0,0.8888888888888888,0.1111111111111111,neutral,neutral,"[0.0,0.1)",17.0,18.0,17.0,9.0,2.3529412746429443,6.0,2.125,0.5555555820465088,2755.0,0.5294117647058824
524935485370929152,ottawashooting,val,0.5,9,10,0.0,1.0,0.0,0.1,0.7,0.2,neutral,neutral,"[0.1,0.3)",9.0,10.0,9.0,4.0,2.1111111640930176,4.0,2.25,0.6000000238418579,386.0,0.4444444444444444
524936872666353664,ottawashooting,val,0.5,14,15,0.07142857142857142,0.7857142857142857,0.14285714285714285,0.2,0.6666666666666666,0.13333333333333333,neutral,neutral,"[0.1,0.3)",14.0,15.0,14.0,14.0,1.0,1.0,14.0,0.9333333373069763,178.0,1.0
524937542131793920,ottawashooting,val,0.5,3,3,0.0,0.6666666666666666,0.3333333333333333,0.0,0.6666666666666666,0.3333333333333333,neutral,neutral,"[0.0,0.1)",3.0,4.0,3.0,3.0,1.0,1.0,3.0,0.75,233.0,1.0
524940659778920448,ottawashooting,val,0.5,3,3,0.0,0.6666666666666666,0.3333333333333333,0.0,1.0,0.0,neutral,neutral,"[0.0,0.1)",3.0,4.0,3.0,3.0,1.0,1.0,3.0,0.75,441.0,1.0
524941132237910016,ottawashooting,val,0.5,1,1,0.0,1.0,0.0,0.0,1.0,0.0,neutral,neutral,"[0.0,0.1)",1.0,2.0,1.0,1.0,1.0,1.0,1.0,0.5,0.0,1.0
524942470472548352,ottawashooting,val,0.5,1,2,0.0,1.0,0.0,0.0,1.0,0.0,neutral,neutral,"[0.0,0.1)",1.0,2.0,1.0,1.0,1.0,1.0,1.0,0.5,0.0,1.0
524943490887991296,ottawashooting,val,0.5,3,4,0.0,1.0,0.0,0.0,1.0,0.0,neutral,neutral,"[0.0,0.1)",3.0,4.0,3.0,3.0,1.0,1.0,3.0,0.75,34.0,1.0
524944399890124801,ottawashooting,val,0.5,11,11,0.36363636363636365,0.5454545454545454,0.09090909090909091,0.36363636363636365,0.6363636363636364,0.0,neutral,neutral,"[0.3,0.6)",11.0,12.0,11.0,9.0,1.2727272510528564,3.0,3.6666667461395264,0.75,1690.0,0.8181818181818182
524947416869388288,ottawashooting,val,0.5,1,2,0.0,1.0,0.0,0.0,0.5,0.5,neutral,neutral,"[0.0,0.1)",1.0,2.0,1.0,1.0,1.0,1.0,1.0,0.5,0.0,1.0
524947674164760577,ottawashooting,val,0.5,10,10,0.2,0.8,0.0,0.1,0.8,0.1,neutral,neutral,"[0.1,0.3)",10.0,11.0,10.0,9.0,1.100000023841858,2.0,5.0,0.8181818127632141,2893.0,0.9
524947867975561216,ottawashooting,val,0.5,8,9,0.25,0.375,0.375,0.0,1.0,0.0,neutral,neutral,"[0.0,0.1)",8.0,9.0,8.0,7.0,1.125,2.0,4.0,0.7777777910232544,1479.0,0.875
524948866773184512,ottawashooting,val,0.5,1,2,0.0,1.0,0.0,0.5,0.5,0.0,neutral,negative,"[0.3,0.6)",1.0,2.0,1.0,1.0,1.0,1.0,1.0,0.5,0.0,1.0
524949443607412737,ottawashooting,val,0.5,2,2,0.5,0.5,0.0,0.0,1.0,0.0,negative,neutral,"[0.0,0.1)",2.0,3.0,2.0,2.0,1.0,1.0,2.0,0.6666666865348816,161.0,1.0
524952883343925249,ottawashooting,val,0.5,10,11,0.1,0.7,0.2,0.2727272727272727,0.7272727272727273,0.0,neutral,neutral,"[0.1,0.3)",10.0,11.0,10.0,9.0,1.100000023841858,2.0,5.0,0.8181818127632141,715.0,0.9
524956129017995264,ottawashooting,val,0.5,16,17,0.125,0.8125,0.0625,0.058823529411764705,0.8823529411764706,0.058823529411764705,neutral,neutral,"[0.0,0.1)",16.0,17.0,16.0,14.0,1.125,2.0,5.333333492279053,0.8235294222831726,860.0,0.875
524959809402331137,ottawashooting,val,0.5,9,10,0.3333333333333333,0.6666666666666666,0.0,0.2,0.8,0.0,neutral,neutral,"[0.1,0.3)",9.0,10.0,9.0,9.0,1.0,1.0,9.0,0.8999999761581421,68.0,1.0
524962142563610625,ottawashooting,val,0.5,2,3,0.0,1.0,0.0,0.0,1.0,0.0,neutral,neutral,"[0.0,0.1)",2.0,3.0,2.0,2.0,1.0,1.0,2.0,0.6666666865348816,119.0,1.0
524964948683005952,ottawashooting,val,0.5,22,23,0.045454545454545456,0.9090909090909091,0.045454545454545456,0.043478260869565216,0.782608695652174,0.17391304347826086,neutral,neutral,"[0.0,0.1)",22.0,23.0,22.0,3.0,3.1818182468414307,6.0,1.8333333730697632,0.47826087474823,1771.0,0.13636363636363635
524965775036387329,ottawashooting,val,0.5,2,2,0.0,0.5,0.5,0.0,1.0,0.0,neutral,neutral,"[0.0,0.1)",2.0,3.0,2.0,2.0,1.0,1.0,2.0,0.6666666865348816,523.0,1.0
524966904885428226,ottawashooting,val,0.5,3,3,0.0,0.6666666666666666,0.3333333333333333,0.0,1.0,0.0,neutral,neutral,"[0.0,0.1)",3.0,4.0,3.0,2.0,1.3333333730697632,2.0,1.5,0.5,185.0,0.6666666666666666
524969201102901248,ottawashooting,val,0.5,8,9,0.0,1.0,0.0,0.0,0.7777777777777778,0.2222222222222222,neutral,neutral,"[0.0,0.1)",8.0,9.0,8.0,8.0,1.0,1.0,8.0,0.8888888955116272,1281.0,1.0
524970851675176960,ottawashooting,val,0.5,4,5,0.5,0.25,0.25,0.0,1.0,0.0,negative,neutral,"[0.0,0.1)",4.0,5.0,4.0,4.0,1.0,1.0,4.0,0.800000011920929,316.0,1.0
524972443308683264,ottawashooting,val,0.5,5,6,0.0,0.8,0.2,0.0,0.3333333333333333,0.6666666666666666,neutral,positive,"[0.0,0.1)",5.0,6.0,5.0,3.0,1.600000023841858,3.0,1.6666666269302368,0.5,3698.0,0.6
524975705206304769,ottawashooting,val,0.5,11,12,0.09090909090909091,0.9090909090909091,0.0,0.0,0.8333333333333334,0.16666666666666666,neutral,neutral,"[0.0,0.1)",11.0,12.0,11.0,10.0,1.0909091234207153,2.0,5.5,0.8333333134651184,185.0,0.9090909090909091
524980744658382848,ottawashooting,val,0.5,4,5,0.0,0.75,0.25,0.0,0.8,0.2,neutral,neutral,"[0.0,0.1)",4.0,5.0,4.0,4.0,1.0,1.0,4.0,0.800000011920929,305.0,1.0
524981436252950528,ottawashooting,val,0.5,3,4,0.3333333333333333,0.6666666666666666,0.0,0.0,1.0,0.0,neutral,neutral,"[0.0,0.1)",3.0,4.0,3.0,3.0,1.0,1.0,3.0,0.75,92.0,1.0
524983581983375360,ottawashooting,val,0.5,9,9,0.0,0.7777777777777778,0.2222222222222222,0.2222222222222222,0.4444444444444444,0.3333333333333333,neutral,neutral,"[0.1,0.3)",9.0,10.0,9.0,9.0,1.0,1.0,9.0,0.8999999761581421,176.0,1.0
524990163446140928,ottawashooting,val,0.5,2,3,0.0,0.5,0.5,0.0,1.0,0.0,neutral,neutral,"[0.0,0.1)",2.0,3.0,2.0,2.0,1.0,1.0,2.0,0.6666666865348816,48.0,1.0
524991576163250176,ottawashooting,val,0.5,4,5,0.25,0.75,0.0,0.2,0.8,0.0,neutral,neutral,"[0.1,0.3)",4.0,5.0,4.0,4.0,1.0,1.0,4.0,0.800000011920929,112.0,1.0
524993533212897281,ottawashooting,val,0.5,3,3,0.3333333333333333,0.3333333333333333,0.3333333333333333,0.6666666666666666,0.3333333333333333,0.0,negative,negative,"[0.6,1.0]",3.0,4.0,3.0,2.0,1.3333333730697632,2.0,1.5,0.5,227.0,0.6666666666666666
524995771587108864,ottawashooting,val,0.5,3,3,0.0,1.0,0.0,0.0,1.0,0.0,neutral,neutral,"[0.0,0.1)",3.0,4.0,3.0,3.0,1.0,1.0,3.0,0.75,3655.0,1.0
525003468659228672,ottawashooting,val,0.5,12,13,0.5,0.4166666666666667,0.08333333333333333,0.23076923076923078,0.6153846153846154,0.15384615384615385,negative,neutral,"[0.1,0.3)",12.0,13.0,12.0,10.0,1.1666666269302368,2.0,4.0,0.7692307829856873,416.0,0.5
525019752507658240,ottawashooting,val,0.5,17,17,0.058823529411764705,0.8823529411764706,0.058823529411764705,0.058823529411764705,0.9411764705882353,0.0,neutral,neutral,"[0.0,0.1)",17.0,18.0,17.0,11.0,1.470588207244873,3.0,2.4285714626312256,0.6111111044883728,499.0,0.6470588235294118
525023025792835585,ottawashooting,val,0.5,5,6,0.0,1.0,0.0,0.16666666666666666,0.8333333333333334,0.0,neutral,neutral,"[0.1,0.3)",5.0,6.0,5.0,5.0,1.0,1.0,5.0,0.8333333134651184,562.0,1.0
525025279803424768,ottawashooting,val,0.5,4,4,0.0,1.0,0.0,0.0,1.0,0.0,neutral,neutral,"[0.0,0.1)",4.0,5.0,4.0,4.0,1.0,1.0,4.0,0.800000011920929,839.0,1.0
525025463648137216,ottawashooting,val,0.5,5,5,0.0,1.0,0.0,0.0,1.0,0.0,neutral,neutral,"[0.0,0.1)",5.0,6.0,5.0,5.0,1.0,1.0,5.0,0.8333333134651184,345.0,1.0
525028734991343617,ottawashooting,val,0.5,2,3,0.0,1.0,0.0,0.0,1.0,0.0,neutral,neutral,"[0.0,0.1)",2.0,3.0,2.0,2.0,1.0,1.0,2.0,0.6666666865348816,2.0,1.0
525032872647065600,ottawashooting,val,0.5,7,8,0.0,1.0,0.0,0.0,1.0,0.0,neutral,neutral,"[0.0,0.1)",7.0,8.0,7.0,5.0,1.2857142686843872,2.0,2.3333332538604736,0.625,418.0,0.7142857142857143
525049639016615937,ottawashooting,val,0.5,3,3,0.0,1.0,0.0,0.0,1.0,0.0,neutral,neutral,"[0.0,0.1)",3.0,4.0,3.0,3.0,1.0,1.0,3.0,0.75,2304.0,1.0
525056576038518785,ottawashooting,val,0.5,11,12,0.2727272727272727,0.5454545454545454,0.18181818181818182,0.16666666666666666,0.8333333333333334,0.0,neutral,neutral,"[0.1,0.3)",11.0,12.0,11.0,11.0,1.0,1.0,11.0,0.9166666865348816,1060.0,1.0
525058976376193024,ottawashooting,val,0.5,2,2,0.0,1.0,0.0,0.0,1.0,0.0,neutral,neutral,"[0.0,0.1)",2.0,3.0,2.0,2.0,1.0,1.0,2.0,0.6666666865348816,1306.0,1.0
525060425184858112,ottawashooting,val,0.5,10,11,0.1,0.9,0.0,0.0,0.7272727272727273,0.2727272727272727,neutral,neutral,"[0.0,0.1)",10.0,11.0,10.0,10.0,1.0,1.0,10.0,0.9090909361839294,217.0,1.0
525068915068923904,ottawashooting,val,0.5,1,2,0.0,1.0,0.0,0.0,1.0,0.0,neutral,neutral,"[0.0,0.1)",1.0,2.0,1.0,1.0,1.0,1.0,1.0,0.5,0.0,1.0
529540733020405760,prince-toronto,test,0.5,7,7,0.0,1.0,0.0,0.0,0.8571428571428571,0.14285714285714285,neutral,neutral,"[0.0,0.1)",7.0,8.0,7.0,1.0,3.7142856121063232,6.0,1.1666666269302368,0.25,2163.0,0.14285714285714285
529653029747064832,prince-toronto,test,0.5,3,3,0.0,1.0,0.0,0.0,1.0,0.0,neutral,neutral,"[0.0,0.1)",3.0,4.0,3.0,1.0,2.0,3.0,1.0,0.25,5013.0,0.3333333333333333
529654186791944192,prince-toronto,test,0.5,5,5,0.0,1.0,0.0,0.0,1.0,0.0,neutral,neutral,"[0.0,0.1)",5.0,6.0,5.0,5.0,1.0,1.0,5.0,0.8333333134651184,384.0,1.0
529660296080916480,prince-toronto,test,0.5,2,2,0.0,1.0,0.0,0.0,1.0,0.0,neutral,neutral,"[0.0,0.1)",2.0,3.0,2.0,2.0,1.0,1.0,2.0,0.6666666865348816,46.0,1.0
529687410611728384,prince-toronto,test,0.5,2,3,0.0,0.5,0.5,0.0,1.0,0.0,neutral,neutral,"[0.0,0.1)",2.0,3.0,2.0,2.0,1.0,1.0,2.0,0.6666666865348816,256.0,1.0
529689679411810304,prince-toronto,test,0.5,2,3,0.0,1.0,0.0,0.0,1.0,0.0,neutral,neutral,"[0.0,0.1)",2.0,3.0,2.0,2.0,1.0,1.0,2.0,0.6666666865348816,72.0,1.0
529695367680761856,prince-toronto,test,0.5,4,4,0.0,0.5,0.5,0.25,0.5,0.25,neutral,neutral,"[0.1,0.3)",4.0,5.0,4.0,4.0,1.0,1.0,4.0,0.800000011920929,246.0,1.0
529695483661664257,prince-toronto,test,0.5,5,5,0.0,0.4,0.6,0.0,0.6,0.4,positive,neutral,"[0.0,0.1)",5.0,6.0,5.0,2.0,1.600000023841858,2.0,2.5,0.6666666865348816,1323.0,0.2
529713467184676864,prince-toronto,test,0.5,2,3,0.0,1.0,0.0,0.0,1.0,0.0,neutral,neutral,"[0.0,0.1)",2.0,3.0,2.0,2.0,1.0,1.0,2.0,0.6666666865348816,46.0,1.0
529716453792956416,prince-toronto,test,0.5,1,1,0.0,1.0,0.0,0.0,1.0,0.0,neutral,neutral,"[0.0,0.1)",1.0,2.0,1.0,1.0,1.0,1.0,1.0,0.5,0.0,1.0
529720273285566464,prince-toronto,test,0.5,10,10,0.0,1.0,0.0,0.0,1.0,0.0,neutral,neutral,"[0.0,0.1)",10.0,11.0,10.0,7.0,1.2999999523162842,2.0,2.5,0.6363636255264282,406.0,0.7
529739968470867968,prince-toronto,test,0.5,5,6,0.0,0.8,0.2,0.0,0.8333333333333334,0.16666666666666666,neutral,neutral,"[0.0,0.1)",5.0,6.0,5.0,5.0,1.0,1.0,5.0,0.8333333134651184,523.0,1.0
576276947648405505,putinmissing,test,0.5,1,2,0.0,1.0,0.0,0.0,1.0,0.0,neutral,neutral,"[0.0,0.1)",1.0,2.0,1.0,1.0,1.0,1.0,1.0,0.5,0.0,1.0
576319832800555008,putinmissing,test,0.5,7,8,0.0,0.7142857142857143,0.2857142857142857,0.0,1.0,0.0,neutral,neutral,"[0.0,0.1)",7.0,8.0,7.0,7.0,1.0,1.0,7.0,0.875,2184.0,1.0
576323086888361984,putinmissing,test,0.5,3,3,0.0,1.0,0.0,0.0,0.6666666666666666,0.3333333333333333,neutral,neutral,"[0.0,0.1)",3.0,4.0,3.0,3.0,1.0,1.0,3.0,0.75,806.0,1.0
576513463738109954,putinmissing,test,0.5,3,4,0.0,0.6666666666666666,0.3333333333333333,0.0,1.0,0.0,neutral,neutral,"[0.0,0.1)",3.0,4.0,3.0,3.0,1.0,1.0,3.0,0.75,612.0,1.0
576755174531862529,putinmissing,test,0.5,2,3,0.0,1.0,0.0,0.3333333333333333,0.6666666666666666,0.0,neutral,neutral,"[0.3,0.6)",2.0,3.0,2.0,1.0,1.5,2.0,1.0,0.3333333432674408,113.0,0.5
576796432730071040,putinmissing,test,0.5,7,7,0.0,1.0,0.0,0.14285714285714285,0.8571428571428571,0.0,neutral,neutral,"[0.1,0.3)",7.0,8.0,7.0,2.0,2.5714285373687744,5.0,1.399999976158142,0.375,870.0,0.2857142857142857
576812998418939904,putinmissing,test,0.5,1,1,0.0,1.0,0.0,0.0,1.0,0.0,neutral,neutral,"[0.0,0.1)",1.0,2.0,1.0,1.0,1.0,1.0,1.0,0.5,0.0,1.0
576829262927413248,putinmissing,test,0.5,3,4,0.0,1.0,0.0,0.0,1.0,0.0,neutral,neutral,"[0.0,0.1)",3.0,4.0,3.0,3.0,1.0,1.0,3.0,0.75,672.0,1.0
577258317942149120,putinmissing,test,0.5,2,3,0.5,0.5,0.0,0.0,1.0,0.0,negative,neutral,"[0.0,0.1)",2.0,3.0,2.0,2.0,1.0,1.0,2.0,0.6666666865348816,5299.0,1.0
544268732046913536,sydneysiege,test,0.5,4,4,0.25,0.75,0.0,0.0,1.0,0.0,neutral,neutral,"[0.0,0.1)",4.0,5.0,4.0,2.0,1.75,3.0,1.3333333730697632,0.4000000059604645,1495.0,0.5
544269749405097984,sydneysiege,test,0.5,7,8,0.14285714285714285,0.8571428571428571,0.0,0.0,0.875,0.125,neutral,neutral,"[0.0,0.1)",7.0,8.0,7.0,7.0,1.0,1.0,7.0,0.875,755.0,1.0
544271069146656768,sydneysiege,test,0.5,6,6,0.0,0.8333333333333334,0.16666666666666666,0.3333333333333333,0.6666666666666666,0.0,neutral,neutral,"[0.3,0.6)",6.0,7.0,6.0,4.0,1.5,3.0,2.0,0.5714285969734192,393.0,0.6666666666666666
544271284796784640,sydneysiege,test,0.5,4,4,0.0,1.0,0.0,0.0,0.75,0.25,neutral,neutral,"[0.0,0.1)",4.0,5.0,4.0,4.0,1.0,1.0,4.0,0.800000011920929,322.0,1.0
544271362022338560,sydneysiege,test,0.5,9,9,0.0,0.8888888888888888,0.1111111111111111,0.0,0.8888888888888888,0.1111111111111111,neutral,neutral,"[0.0,0.1)",9.0,10.0,9.0,6.0,1.6666666269302368,4.0,2.25,0.6000000238418579,1543.0,0.6666666666666666
544272537341812736,sydneysiege,test,0.5,10,11,0.1,0.9,0.0,0.09090909090909091,0.6363636363636364,0.2727272727272727,neutral,neutral,"[0.0,0.1)",10.0,11.0,10.0,9.0,1.100000023841858,2.0,5.0,0.8181818127632141,1394.0,0.8
544274934835707905,sydneysiege,test,0.5,20,21,0.0,1.0,0.0,0.14285714285714285,0.7619047619047619,0.09523809523809523,neutral,neutral,"[0.1,0.3)",20.0,21.0,20.0,8.0,2.3499999046325684,6.0,1.8181818723678589,0.4761904776096344,2792.0,0.4
544277117039837184,sydneysiege,test,0.5,15,15,0.13333333333333333,0.6,0.26666666666666666,0.13333333333333333,0.8,0.06666666666666667,neutral,neutral,"[0.1,0.3)",15.0,16.0,15.0,14.0,1.0666667222976685,2.0,7.5,0.875,736.0,0.9333333333333333
544277860555710464,sydneysiege,test,0.5,7,7,0.0,0.8571428571428571,0.14285714285714285,0.2857142857142857,0.7142857142857143,0.0,neutral,neutral,"[0.1,0.3)",7.0,8.0,7.0,2.0,3.142857074737549,6.0,1.1666666269302368,0.25,1562.0,0.2857142857142857
544278335455776769,sydneysiege,test,0.5,9,9,0.2222222222222222,0.7777777777777778,0.0,0.0,1.0,0.0,neutral,neutral,"[0.0,0.1)",9.0,10.0,9.0,8.0,1.1111111640930176,2.0,4.5,0.800000011920929,153.0,0.7777777777777778
544278985249550337,sydneysiege,test,0.5,9,9,0.0,1.0,0.0,0.1111111111111111,0.7777777777777778,0.1111111111111111,neutral,neutral,"[0.1,0.3)",9.0,10.0,9.0,9.0,1.0,1.0,9.0,0.8999999761581421,606.0,1.0
544282005941530624,sydneysiege,test,0.5,7,7,0.2857142857142857,0.7142857142857143,0.0,0.0,0.8571428571428571,0.14285714285714285,neutral,neutral,"[0.0,0.1)",7.0,8.0,7.0,3.0,2.4285714626312256,5.0,1.399999976158142,0.375,2639.0,0.42857142857142855
544282227035869184,sydneysiege,test,0.5,9,9,0.1111111111111111,0.8888888888888888,0.0,0.0,0.7777777777777778,0.2222222222222222,neutral,neutral,"[0.0,0.1)",9.0,10.0,9.0,9.0,1.0,1.0,9.0,0.8999999761581421,301.0,0.8888888888888888
544283772569788416,sydneysiege,test,0.5,9,10,0.0,0.8888888888888888,0.1111111111111111,0.0,0.7,0.3,neutral,neutral,"[0.0,0.1)",9.0,10.0,9.0,9.0,1.0,1.0,9.0,0.8999999761581421,470.0,1.0
544287209730236416,sydneysiege,test,0.5,5,5,0.0,0.6,0.4,0.0,0.8,0.2,neutral,neutral,"[0.0,0.1)",5.0,6.0,5.0,3.0,1.399999976158142,2.0,1.6666666269302368,0.5,1759.0,0.6
544288681021145090,sydneysiege,test,0.5,8,9,0.0,0.875,0.125,0.1111111111111111,0.8888888888888888,0.0,neutral,neutral,"[0.1,0.3)",8.0,9.0,8.0,7.0,1.125,2.0,4.0,0.7777777910232544,379.0,0.875
544289311504355328,sydneysiege,test,0.5,1,1,0.0,1.0,0.0,1.0,0.0,0.0,neutral,negative,"[0.6,1.0]",1.0,2.0,1.0,1.0,1.0,1.0,1.0,0.5,0.0,1.0
544289409294553088,sydneysiege,test,0.5,5,6,0.2,0.8,0.0,0.0,1.0,0.0,neutral,neutral,"[0.0,0.1)",5.0,6.0,5.0,5.0,1.0,1.0,5.0,0.8333333134651184,541.0,1.0
544289941996326912,sydneysiege,test,0.5,2,2,0.0,0.5,0.5,0.0,1.0,0.0,neutral,neutral,"[0.0,0.1)",2.0,3.0,2.0,2.0,1.0,1.0,2.0,0.6666666865348816,6337.0,1.0
544290258951892992,sydneysiege,test,0.5,5,5,0.2,0.8,0.0,0.0,0.8,0.2,neutral,neutral,"[0.0,0.1)",5.0,6.0,5.0,5.0,1.0,1.0,5.0,0.8333333134651184,615.0,1.0
544291804057960448,sydneysiege,test,0.5,5,5,0.0,1.0,0.0,0.0,1.0,0.0,neutral,neutral,"[0.0,0.1)",5.0,6.0,5.0,5.0,1.0,1.0,5.0,0.8333333134651184,2312.0,1.0
544291965513134080,sydneysiege,test,0.5,12,12,0.08333333333333333,0.8333333333333334,0.08333333333333333,0.08333333333333333,0.8333333333333334,0.08333333333333333,neutral,neutral,"[0.0,0.1)",12.0,13.0,12.0,12.0,1.0,1.0,12.0,0.9230769276618958,312.0,0.9166666666666666
544292129972170752,sydneysiege,test,0.5,7,7,0.0,0.8571428571428571,0.14285714285714285,0.0,1.0,0.0,neutral,neutral,"[0.0,0.1)",7.0,8.0,7.0,5.0,1.4285714626312256,3.0,2.3333332538604736,0.625,666.0,0.7142857142857143
544292670336925696,sydneysiege,test,0.5,3,3,0.3333333333333333,0.6666666666666666,0.0,0.0,1.0,0.0,neutral,neutral,"[0.0,0.1)",3.0,4.0,3.0,3.0,1.0,1.0,3.0,0.75,126.0,1.0
544293753130082305,sydneysiege,test,0.5,5,5,0.2,0.6,0.2,0.4,0.6,0.0,neutral,neutral,"[0.3,0.6)",5.0,6.0,5.0,3.0,1.600000023841858,3.0,1.6666666269302368,0.5,191.0,0.6
544297696308518912,sydneysiege,test,0.5,11,12,0.09090909090909091,0.9090909090909091,0.0,0.0,1.0,0.0,neutral,neutral,"[0.0,0.1)",11.0,12.0,11.0,10.0,1.0909091234207153,2.0,5.5,0.8333333134651184,405.0,0.9090909090909091
544301453717041152,sydneysiege,test,0.5,11,12,0.09090909090909091,0.6363636363636364,0.2727272727272727,0.0,0.6666666666666666,0.3333333333333333,neutral,neutral,"[0.0,0.1)",11.0,12.0,11.0,9.0,1.1818181276321411,2.0,3.6666667461395264,0.75,138.0,0.8181818181818182
544305540286148609,sydneysiege,test,0.5,7,8,0.0,0.8571428571428571,0.14285714285714285,0.125,0.875,0.0,neutral,neutral,"[0.1,0.3)",7.0,8.0,7.0,7.0,1.0,1.0,7.0,0.875,363.0,1.0
544305745416581120,sydneysiege,test,0.5,1,2,0.0,1.0,0.0,0.0,1.0,0.0,neutral,neutral,"[0.0,0.1)",1.0,2.0,1.0,1.0,1.0,1.0,1.0,0.5,0.0,1.0
544306402731507712,sydneysiege,test,0.5,1,2,0.0,1.0,0.0,0.0,1.0,0.0,neutral,neutral,"[0.0,0.1)",1.0,2.0,1.0,1.0,1.0,1.0,1.0,0.5,0.0,1.0
544306719686656000,sydneysiege,test,0.5,8,8,0.0,0.875,0.125,0.25,0.625,0.125,neutral,neutral,"[0.1,0.3)",8.0,9.0,8.0,5.0,1.5,3.0,2.6666667461395264,0.6666666865348816,525.0,0.625
544309275141885952,sydneysiege,test,0.5,16,16,0.0,0.875,0.125,0.0625,0.9375,0.0,neutral,neutral,"[0.0,0.1)",16.0,17.0,16.0,12.0,1.4375,4.0,3.200000047683716,0.7058823704719543,617.0,0.75
544310853613281281,sydneysiege,test,0.5,9,10,0.2222222222222222,0.7777777777777778,0.0,0.0,1.0,0.0,neutral,neutral,"[0.0,0.1)",9.0,10.0,9.0,6.0,1.4444444179534912,3.0,3.0,0.699999988079071,2509.0,0.6666666666666666
544314234541469696,sydneysiege,test,0.5,10,10,0.1,0.7,0.2,0.0,0.9,0.1,neutral,neutral,"[0.0,0.1)",10.0,11.0,10.0,9.0,1.100000023841858,2.0,5.0,0.8181818127632141,230.0,0.9
544319274072817664,sydneysiege,test,0.5,6,7,0.0,1.0,0.0,0.0,1.0,0.0,neutral,neutral,"[0.0,0.1)",6.0,7.0,6.0,6.0,1.0,1.0,6.0,0.8571428656578064,357.0,1.0
544319832486064128,sydneysiege,test,0.5,13,14,0.0,1.0,0.0,0.0,1.0,0.0,neutral,neutral,"[0.0,0.1)",13.0,14.0,13.0,11.0,1.1538461446762085,2.0,4.333333492279053,0.7857142686843872,278.0,0.8461538461538461
544324444773433348,sydneysiege,test,0.5,10,11,0.0,1.0,0.0,0.18181818181818182,0.8181818181818182,0.0,neutral,neutral,"[0.1,0.3)",10.0,11.0,10.0,10.0,1.0,1.0,10.0,0.9090909361839294,118.0,1.0
544328894812549121,sydneysiege,test,0.5,18,18,0.05555555555555555,0.8888888888888888,0.05555555555555555,0.05555555555555555,0.9444444444444444,0.0,neutral,neutral,"[0.0,0.1)",18.0,19.0,18.0,11.0,1.7777777910232544,5.0,2.5714285373687744,0.6315789222717285,1687.0,0.6111111111111112
544329935943237632,sydneysiege,test,0.5,51,51,0.13725490196078433,0.7843137254901961,0.0784313725490196,0.0784313725490196,0.8823529411764706,0.0392156862745098,neutral,neutral,"[0.0,0.1)",51.0,52.0,51.0,14.0,4.392157077789307,15.0,1.5,0.3461538553237915,3113.0,0.27450980392156865
544333764814323713,sydneysiege,test,0.5,11,12,0.18181818181818182,0.8181818181818182,0.0,0.16666666666666666,0.8333333333333334,0.0,neutral,neutral,"[0.1,0.3)",11.0,12.0,11.0,9.0,1.1818181276321411,2.0,3.6666667461395264,0.75,3720.0,0.8181818181818182
544350567183556608,sydneysiege,test,0.5,1,1,0.0,1.0,0.0,1.0,0.0,0.0,neutral,negative,"[0.6,1.0]",1.0,2.0,1.0,1.0,1.0,1.0,1.0,0.5,0.0,1.0
544350712365207552,sydneysiege,test,0.5,9,9,0.0,0.8888888888888888,0.1111111111111111,0.0,0.7777777777777778,0.2222222222222222,neutral,neutral,"[0.0,0.1)",9.0,10.0,9.0,6.0,1.1111111640930176,2.0,4.5,0.800000011920929,1228.0,0.5555555555555556
544352727971954690,sydneysiege,test,0.5,4,4,0.0,1.0,0.0,0.25,0.5,0.25,neutral,neutral,"[0.1,0.3)",4.0,5.0,4.0,3.0,1.25,2.0,2.0,0.6000000238418579,674.0,0.75
544358533819420672,sydneysiege,test,0.5,9,9,0.0,1.0,0.0,0.0,1.0,0.0,neutral,neutral,"[0.0,0.1)",9.0,10.0,9.0,8.0,1.1111111640930176,2.0,4.5,0.800000011920929,22296.0,0.8888888888888888
544358564484378624,sydneysiege,test,0.5,1,1,0.0,1.0,0.0,0.0,1.0,0.0,neutral,neutral,"[0.0,0.1)",1.0,2.0,1.0,1.0,1.0,1.0,1.0,0.5,0.0,1.0
544367462012432384,sydneysiege,test,0.5,6,6,0.0,0.6666666666666666,0.3333333333333333,0.0,0.8333333333333334,0.16666666666666666,neutral,neutral,"[0.0,0.1)",6.0,7.0,6.0,6.0,1.0,1.0,6.0,0.8571428656578064,496.0,1.0
544374511194632192,sydneysiege,test,0.5,4,5,0.0,0.5,0.5,0.2,0.8,0.0,neutral,neutral,"[0.1,0.3)",4.0,5.0,4.0,4.0,1.0,1.0,4.0,0.800000011920929,2007.0,1.0
544380742076088320,sydneysiege,test,0.5,9,10,0.0,0.8888888888888888,0.1111111111111111,0.1,0.9,0.0,neutral,neutral,"[0.1,0.3)",9.0,10.0,9.0,7.0,1.2222222089767456,2.0,3.0,0.699999988079071,787.0,0.7777777777777778
544381485591982083,sydneysiege,test,0.5,10,11,0.1,0.8,0.1,0.36363636363636365,0.5454545454545454,0.09090909090909091,neutral,neutral,"[0.3,0.6)",10.0,11.0,10.0,10.0,1.0,1.0,10.0,0.9090909361839294,782.0,0.9
544382892378714113,sydneysiege,test,0.5,4,4,0.25,0.75,0.0,0.0,1.0,0.0,neutral,neutral,"[0.0,0.1)",4.0,5.0,4.0,4.0,1.0,1.0,4.0,0.800000011920929,5280.0,1.0
544391176137089024,sydneysiege,test,0.5,11,11,0.09090909090909091,0.9090909090909091,0.0,0.0,1.0,0.0,neutral,neutral,"[0.0,0.1)",11.0,12.0,11.0,8.0,1.2727272510528564,2.0,3.6666667461395264,0.75,732.0,0.7272727272727273
544391533240516608,sydneysiege,test,0.5,2,2,0.0,1.0,0.0,0.0,1.0,0.0,neutral,neutral,"[0.0,0.1)",2.0,3.0,2.0,2.0,1.0,1.0,2.0,0.6666666865348816,441.0,1.0
544399927045283840,sydneysiege,test,0.5,15,16,0.0,1.0,0.0,0.125,0.8125,0.0625,neutral,neutral,"[0.1,0.3)",15.0,16.0,15.0,4.0,1.9333332777023315,3.0,3.75,0.75,1524.0,0.26666666666666666
544462330105712640,sydneysiege,test,0.5,16,17,0.1875,0.8125,0.0,0.11764705882352941,0.7058823529411765,0.17647058823529413,neutral,neutral,"[0.1,0.3)",16.0,17.0,16.0,7.0,2.0,4.0,3.200000047683716,0.7058823704719543,4192.0,0.4375
544476808566276097,sydneysiege,test,0.5,15,16,0.13333333333333333,0.8666666666666667,0.0,0.0625,0.9375,0.0,neutral,neutral,"[0.0,0.1)",15.0,16.0,15.0,13.0,1.2000000476837158,3.0,5.0,0.8125,828.0,0.8666666666666667
544491151118860289,sydneysiege,test,0.5,4,4,0.0,1.0,0.0,0.0,1.0,0.0,neutral,neutral,"[0.0,0.1)",4.0,5.0,4.0,3.0,1.25,2.0,2.0,0.6000000238418579,364.0,0.75
544504183341064192,sydneysiege,test,0.5,9,9,0.1111111111111111,0.7777777777777778,0.1111111111111111,0.0,1.0,0.0,neutral,neutral,"[0.0,0.1)",9.0,10.0,9.0,7.0,1.2222222089767456,2.0,3.0,0.699999988079071,51622.0,0.7777777777777778
544510450101415936,sydneysiege,test,0.5,5,6,0.0,1.0,0.0,0.0,1.0,0.0,neutral,neutral,"[0.0,0.1)",5.0,6.0,5.0,5.0,1.0,1.0,5.0,0.8333333134651184,93.0,1.0
544511199702822913,sydneysiege,test,0.5,4,4,0.0,1.0,0.0,0.0,1.0,0.0,neutral,neutral,"[0.0,0.1)",4.0,5.0,4.0,4.0,1.0,1.0,4.0,0.800000011920929,847.0,1.0
544512108885725184,sydneysiege,test,0.5,9,10,0.1111111111111111,0.8888888888888888,0.0,0.2,0.6,0.2,neutral,neutral,"[0.1,0.3)",9.0,10.0,9.0,5.0,1.4444444179534912,2.0,4.5,0.800000011920929,387.0,0.5555555555555556
544512664769396736,sydneysiege,test,0.5,2,3,0.0,1.0,0.0,0.0,1.0,0.0,neutral,neutral,"[0.0,0.1)",2.0,3.0,2.0,2.0,1.0,1.0,2.0,0.6666666865348816,277.0,1.0
544512676643500033,sydneysiege,test,0.5,1,2,0.0,1.0,0.0,0.0,0.5,0.5,neutral,neutral,"[0.0,0.1)",1.0,2.0,1.0,1.0,1.0,1.0,1.0,0.5,0.0,1.0
544512910538838016,sydneysiege,test,0.5,7,7,0.14285714285714285,0.5714285714285714,0.2857142857142857,0.2857142857142857,0.7142857142857143,0.0,neutral,neutral,"[0.1,0.3)",7.0,8.0,7.0,6.0,1.1428571939468384,2.0,3.5,0.75,237.0,0.8571428571428571
544513524438155264,sydneysiege,test,0.5,1,1,0.0,1.0,0.0,0.0,1.0,0.0,neutral,neutral,"[0.0,0.1)",1.0,2.0,1.0,1.0,1.0,1.0,1.0,0.5,0.0,1.0
544514564407427072,sydneysiege,test,0.5,2,2,0.0,1.0,0.0,0.0,1.0,0.0,neutral,neutral,"[0.0,0.1)",2.0,3.0,2.0,2.0,1.0,1.0,2.0,0.6666666865348816,93.0,1.0
544514570367168512,sydneysiege,test,0.5,7,8,0.2857142857142857,0.42857142857142855,0.2857142857142857,0.125,0.75,0.125,neutral,neutral,"[0.1,0.3)",7.0,8.0,7.0,6.0,1.1428571939468384,2.0,3.5,0.75,241.0,0.8571428571428571
544515538383564801,sydneysiege,test,0.5,9,10,0.1111111111111111,0.8888888888888888,0.0,0.2,0.8,0.0,neutral,neutral,"[0.1,0.3)",9.0,10.0,9.0,6.0,1.6666666269302368,4.0,2.25,0.6000000238418579,1026.0,0.6666666666666666
544517264054423552,sydneysiege,test,0.5,8,9,0.0,0.125,0.875,0.0,0.4444444444444444,0.5555555555555556,positive,positive,"[0.0,0.1)",8.0,9.0,8.0,8.0,1.0,1.0,8.0,0.8888888955116272,42.0,1.0
544518335019229184,sydneysiege,test,0.5,8,8,0.125,0.875,0.0,0.25,0.75,0.0,neutral,neutral,"[0.1,0.3)",8.0,9.0,8.0,8.0,1.0,1.0,8.0,0.8888888955116272,264.0,1.0
544520042810200064,sydneysiege,test,0.5,1,1,0.0,1.0,0.0,0.0,1.0,0.0,neutral,neutral,"[0.0,0.1)",1.0,2.0,1.0,1.0,1.0,1.0,1.0,0.5,0.0,1.0
544520273718812672,sydneysiege,test,0.5,9,9,0.1111111111111111,0.7777777777777778,0.1111111111111111,0.1111111111111111,0.6666666666666666,0.2222222222222222,neutral,neutral,"[0.1,0.3)",9.0,10.0,9.0,9.0,1.0,1.0,9.0,0.8999999761581421,32.0,1.0
